{
  "results": {
    "BPF (RF-fixed)": {
      "mean_auc": 0.5772649572649572,
      "std_auc": 0.07651215708836936,
      "ci_lo": 0.425982905982906,
      "ci_hi": 0.7025641025641025,
      "fold_aucs": [
        0.5675213675213675,
        0.49914529914529915,
        0.6080586080586081,
        0.543956043956044,
        0.5732600732600733,
        0.5794871794871794,
        0.452991452991453,
        0.575091575091575,
        0.706959706959707,
        0.5604395604395604,
        0.6170940170940171,
        0.3982905982905983,
        0.6721611721611721,
        0.6043956043956044,
        0.6996336996336996,
        0.5811965811965812,
        0.4444444444444445,
        0.6813186813186813,
        0.5494505494505495,
        0.5622710622710623,
        0.5692307692307692,
        0.6581196581196581,
        0.5677655677655677,
        0.5054945054945055,
        0.6538461538461539
      ]
    },
    "LASSO (RF-fixed)": {
      "mean_auc": 0.6043174603174603,
      "std_auc": 0.06927993964207053,
      "ci_lo": 0.47589743589743594,
      "ci_hi": 0.7230769230769231,
      "fold_aucs": [
        0.5897435897435898,
        0.694017094017094,
        0.6538461538461539,
        0.6025641025641026,
        0.5824175824175825,
        0.5965811965811966,
        0.576068376068376,
        0.6355311355311355,
        0.6996336996336996,
        0.5347985347985348,
        0.6854700854700855,
        0.4854700854700855,
        0.5366300366300366,
        0.6776556776556776,
        0.5457875457875458,
        0.5931623931623932,
        0.46153846153846156,
        0.5677655677655677,
        0.7417582417582418,
        0.5732600732600733,
        0.5846153846153846,
        0.6068376068376068,
        0.5366300366300366,
        0.6355311355311355,
        0.7106227106227107
      ]
    },
    "ElasticNet (RF-fixed)": {
      "mean_auc": 0.6092112332112333,
      "std_auc": 0.08021251394844933,
      "ci_lo": 0.4575091575091575,
      "ci_hi": 0.753113553113553,
      "fold_aucs": [
        0.5863247863247864,
        0.647863247863248,
        0.6501831501831502,
        0.5842490842490842,
        0.6208791208791208,
        0.6495726495726496,
        0.6136752136752136,
        0.6336996336996338,
        0.6593406593406593,
        0.532967032967033,
        0.7162393162393162,
        0.4803418803418803,
        0.4706959706959707,
        0.694139194139194,
        0.5274725274725275,
        0.5641025641025641,
        0.5914529914529915,
        0.6355311355311355,
        0.6318681318681318,
        0.5714285714285714,
        0.6273504273504273,
        0.5811965811965812,
        0.43772893772893773,
        0.7216117216117216,
        0.8003663003663004
      ]
    },
    "RF_Importance (RF-fixed)": {
      "mean_auc": 0.6077606837606838,
      "std_auc": 0.08719521909611036,
      "ci_lo": 0.43145299145299143,
      "ci_hi": 0.7311355311355311,
      "fold_aucs": [
        0.6735042735042736,
        0.5555555555555555,
        0.7252747252747253,
        0.6062271062271062,
        0.554945054945055,
        0.7264957264957266,
        0.4444444444444444,
        0.6190476190476191,
        0.738095238095238,
        0.5531135531135531,
        0.6136752136752136,
        0.41196581196581195,
        0.7197802197802198,
        0.652014652014652,
        0.5934065934065934,
        0.5965811965811966,
        0.4700854700854701,
        0.6923076923076923,
        0.5347985347985349,
        0.6007326007326008,
        0.5247863247863248,
        0.6512820512820513,
        0.5787545787545788,
        0.7032967032967034,
        0.6538461538461539
      ]
    },
    "RF (native)": {
      "mean_auc": 0.6223785103785103,
      "std_auc": 0.05945829669879565,
      "ci_lo": 0.5090354090354091,
      "ci_hi": 0.7285714285714286,
      "fold_aucs": [
        0.6256410256410256,
        0.6068376068376068,
        0.7307692307692308,
        0.6043956043956044,
        0.619047619047619,
        0.6888888888888889,
        0.547008547008547,
        0.6007326007326007,
        0.7271062271062272,
        0.5293040293040293,
        0.717948717948718,
        0.4786324786324787,
        0.6538461538461539,
        0.5860805860805861,
        0.6080586080586081,
        0.617094017094017,
        0.5709401709401709,
        0.63003663003663,
        0.5732600732600733,
        0.6318681318681318,
        0.5760683760683761,
        0.6358974358974359,
        0.6721611721611721,
        0.6684981684981685,
        0.6593406593406593
      ]
    }
  }
}