{
  "cohort": "ICGC_LAML-US",
  "results": {
    "BPF (RF-fixed)": {
      "auc_mean": 0.6777,
      "auc_std": 0.0845,
      "ci_lo": 0.6444,
      "ci_hi": 0.7097,
      "stability": 0.2371,
      "time_s": 384.47,
      "n_ok": 25,
      "n_err": 0,
      "folds": [
        0.7321,
        0.6842,
        0.838,
        0.5926,
        0.4697,
        0.6411,
        0.6555,
        0.7917,
        0.6667,
        0.6364,
        0.5455,
        0.7081,
        0.787,
        0.6898,
        0.7172,
        0.6459,
        0.7799,
        0.625,
        0.7407,
        0.5404,
        0.6842,
        0.6459,
        0.6852,
        0.787,
        0.6515
      ]
    },
    "LASSO (RF-fixed)": {
      "auc_mean": 0.6162,
      "auc_std": 0.095,
      "ci_lo": 0.5775,
      "ci_hi": 0.654,
      "stability": 0.114,
      "time_s": 6734.57,
      "n_ok": 25,
      "n_err": 0,
      "folds": [
        0.6555,
        0.5885,
        0.7037,
        0.5694,
        0.4343,
        0.5742,
        0.5646,
        0.6111,
        0.5833,
        0.7374,
        0.5455,
        0.5837,
        0.6898,
        0.6528,
        0.7273,
        0.4354,
        0.6938,
        0.6574,
        0.6852,
        0.4141,
        0.5789,
        0.6172,
        0.6667,
        0.8287,
        0.6061
      ]
    },
    "ElasticNet (RF-fixed)": {
      "mean_auc": 0.5644072301967039,
      "std_auc": 0.10621248380889682,
      "ci_lo": 0.3947767145135566,
      "ci_hi": 0.7772727272727272,
      "fold_aucs": [
        0.8181818181818182,
        0.49760765550239233,
        0.625,
        0.5416666666666667,
        0.41919191919191917,
        0.5263157894736842,
        0.6028708133971291,
        0.49537037037037035,
        0.6203703703703705,
        0.6717171717171717,
        0.47846889952153104,
        0.5550239234449761,
        0.75,
        0.6018518518518519,
        0.5555555555555556,
        0.3827751196172249,
        0.6028708133971291,
        0.6481481481481481,
        0.6712962962962963,
        0.48484848484848486,
        0.5789473684210527,
        0.4736842105263157,
        0.6712962962962963,
        0.4027777777777778,
        0.43434343434343436
      ]
    },
    "RF_Importance (RF-fixed)": {
      "mean_auc": 0.5967791954634061,
      "std_auc": 0.08363553868785883,
      "ci_lo": 0.47719298245614034,
      "ci_hi": 0.7586390217969166,
      "fold_aucs": [
        0.7559808612440191,
        0.6363636363636364,
        0.6759259259259259,
        0.6851851851851852,
        0.4393939393939394,
        0.6028708133971292,
        0.5598086124401914,
        0.5185185185185185,
        0.5694444444444444,
        0.5050505050505051,
        0.5598086124401913,
        0.5406698564593302,
        0.6203703703703703,
        0.7453703703703702,
        0.7626262626262627,
        0.5023923444976076,
        0.6507177033492824,
        0.5324074074074074,
        0.6527777777777778,
        0.5606060606060606,
        0.5550239234449761,
        0.5023923444976076,
        0.537037037037037,
        0.6527777777777778,
        0.595959595959596
      ]
    },
    "RF (native)": {
      "mean_auc": 0.6484414318624845,
      "std_auc": 0.06849299182436547,
      "ci_lo": 0.5281056175793017,
      "ci_hi": 0.7570839978734715,
      "fold_aucs": [
        0.7416267942583732,
        0.7607655502392344,
        0.712962962962963,
        0.6018518518518519,
        0.6363636363636364,
        0.6363636363636364,
        0.5502392344497608,
        0.6851851851851851,
        0.6111111111111112,
        0.7222222222222222,
        0.6172248803827751,
        0.7177033492822966,
        0.6666666666666666,
        0.6944444444444444,
        0.696969696969697,
        0.5406698564593301,
        0.6985645933014354,
        0.5092592592592593,
        0.7546296296296295,
        0.5909090909090909,
        0.6650717703349283,
        0.5837320574162679,
        0.5925925925925926,
        0.6481481481481481,
        0.5757575757575758
      ]
    }
  },
  "timestamp": "2026-03-13T02:20:28.087882"
}