{
  "results": {
    "BPF (RF-fixed)": {
      "mean_auc": 0.6198312553527159,
      "std_auc": 0.05398747209285445,
      "ci_lo": 0.5169333333333334,
      "ci_hi": 0.7107346405228758,
      "fold_aucs": [
        0.6006535947712418,
        0.5706558485463151,
        0.6166666666666666,
        0.5246666666666667,
        0.6653333333333333,
        0.7248366013071895,
        0.6369168356997972,
        0.7013333333333334,
        0.5593333333333333,
        0.5053333333333333,
        0.6222222222222222,
        0.6166328600405679,
        0.582,
        0.5933333333333333,
        0.6553333333333333,
        0.6026143790849674,
        0.6206896551724138,
        0.68,
        0.6599999999999999,
        0.6306666666666667,
        0.6620915032679738,
        0.6524678837052063,
        0.54,
        0.584,
        0.6880000000000001
      ]
    },
    "LASSO (RF-fixed)": {
      "mean_auc": 0.5651739283299527,
      "std_auc": 0.055438570836513476,
      "ci_lo": 0.44349046653144025,
      "ci_hi": 0.6566745098039216,
      "fold_aucs": [
        0.5758169934640522,
        0.5158891142663962,
        0.5353333333333333,
        0.592,
        0.6346666666666666,
        0.6196078431372549,
        0.5273833671399595,
        0.6,
        0.59,
        0.41400000000000003,
        0.5725490196078432,
        0.6064908722109532,
        0.554,
        0.604,
        0.5740000000000001,
        0.569281045751634,
        0.46315077755240036,
        0.6593333333333333,
        0.5339999999999999,
        0.5553333333333333,
        0.6549019607843137,
        0.5436105476673428,
        0.534,
        0.5,
        0.6000000000000001
      ]
    },
    "ElasticNet (RF-fixed)": {
      "mean_auc": 0.553814919990985,
      "std_auc": 0.06891456710597468,
      "ci_lo": 0.41468776200135227,
      "ci_hi": 0.6697725490196078,
      "fold_aucs": [
        0.5967320261437908,
        0.5780933062880325,
        0.5473333333333333,
        0.5246666666666667,
        0.6793333333333333,
        0.5823529411764706,
        0.48884381338742394,
        0.5013333333333334,
        0.5753333333333333,
        0.43466666666666665,
        0.5594771241830065,
        0.5098039215686275,
        0.5693333333333334,
        0.6319999999999999,
        0.5826666666666667,
        0.45555555555555555,
        0.38471940500338064,
        0.6046666666666667,
        0.518,
        0.55,
        0.6633986928104575,
        0.5997295469912103,
        0.5033333333333333,
        0.554,
        0.65
      ]
    },
    "RF_Importance (RF-fixed)": {
      "mean_auc": 0.5879401577642551,
      "std_auc": 0.050822546227224666,
      "ci_lo": 0.4917333333333333,
      "ci_hi": 0.6765333333333333,
      "fold_aucs": [
        0.6,
        0.5699797160243408,
        0.548,
        0.6033333333333333,
        0.6613333333333333,
        0.6052287581699347,
        0.6260987153482083,
        0.6626666666666667,
        0.5946666666666667,
        0.4933333333333333,
        0.5575163398692811,
        0.6328600405679513,
        0.5493333333333332,
        0.5433333333333333,
        0.6206666666666667,
        0.5875816993464053,
        0.5436105476673427,
        0.6226666666666667,
        0.5766666666666667,
        0.5286666666666666,
        0.6490196078431373,
        0.5672751859364435,
        0.568,
        0.4893333333333333,
        0.6973333333333334
      ]
    },
    "RF (native)": {
      "mean_auc": 0.6019843317556909,
      "std_auc": 0.04491374309263397,
      "ci_lo": 0.5055107505070994,
      "ci_hi": 0.6785333333333333,
      "fold_aucs": [
        0.565359477124183,
        0.6166328600405679,
        0.5626666666666666,
        0.6206666666666667,
        0.6126666666666667,
        0.5542483660130719,
        0.5977011494252873,
        0.6066666666666666,
        0.6273333333333333,
        0.494,
        0.5712418300653594,
        0.6436781609195403,
        0.58,
        0.5953333333333334,
        0.6713333333333333,
        0.6098039215686275,
        0.513184584178499,
        0.6793333333333333,
        0.6779999999999999,
        0.5593333333333333,
        0.6470588235294118,
        0.6213657876943881,
        0.596,
        0.6106666666666667,
        0.6153333333333334
      ]
    }
  }
}