{
  "results": {
    "BPF (RF-fixed)": {
      "mean_auc": 0.5801270165934198,
      "std_auc": 0.06004562736391684,
      "ci_lo": 0.46446280991735545,
      "ci_hi": 0.677056856187291,
      "fold_aucs": [
        0.5915977961432507,
        0.47107438016528935,
        0.5150501672240803,
        0.6274247491638796,
        0.6802675585284281,
        0.5819559228650137,
        0.5902203856749311,
        0.603344481605351,
        0.6187290969899666,
        0.5384615384615384,
        0.4910468319559228,
        0.6267217630853995,
        0.5879598662207358,
        0.6749163879598662,
        0.6093645484949833,
        0.5330578512396694,
        0.6212121212121212,
        0.5411371237458193,
        0.4916387959866221,
        0.6354515050167224,
        0.45454545454545453,
        0.5792011019283747,
        0.5779264214046823,
        0.6474916387959866,
        0.6133779264214048
      ]
    },
    "LASSO (RF-fixed)": {
      "mean_auc": 0.5521800676267079,
      "std_auc": 0.07984744654623296,
      "ci_lo": 0.38146917640988787,
      "ci_hi": 0.6494983277591972,
      "fold_aucs": [
        0.6033057851239669,
        0.31955922865013775,
        0.4227424749163879,
        0.6053511705685618,
        0.5906354515050167,
        0.6274104683195593,
        0.5750688705234159,
        0.5230769230769231,
        0.6187290969899665,
        0.671571906354515,
        0.47796143250688705,
        0.6163911845730028,
        0.4809364548494984,
        0.6073578595317727,
        0.5397993311036788,
        0.5612947658402204,
        0.6336088154269973,
        0.4956521739130434,
        0.4367892976588629,
        0.620066889632107,
        0.5303030303030303,
        0.5371900826446281,
        0.5705685618729097,
        0.6347826086956522,
        0.5043478260869565
      ]
    },
    "ElasticNet (RF-fixed)": {
      "mean_auc": 0.5721854667072058,
      "std_auc": 0.059985575337321705,
      "ci_lo": 0.4732782369146005,
      "ci_hi": 0.6610013175230567,
      "fold_aucs": [
        0.6198347107438017,
        0.46005509641873277,
        0.49096989966555177,
        0.6140468227424749,
        0.6100334448160535,
        0.6466942148760331,
        0.5296143250688705,
        0.5418060200668896,
        0.5705685618729097,
        0.6521739130434783,
        0.4869146005509642,
        0.6742424242424243,
        0.5337792642140468,
        0.642809364548495,
        0.5772575250836119,
        0.5626721763085399,
        0.621900826446281,
        0.5551839464882942,
        0.5698996655518395,
        0.6521739130434783,
        0.484159779614325,
        0.4820936639118457,
        0.5832775919732441,
        0.5464882943143813,
        0.5959866220735786
      ]
    },
    "RF_Importance (RF-fixed)": {
      "mean_auc": 0.5846419930530602,
      "std_auc": 0.057220684298708205,
      "ci_lo": 0.4772727272727273,
      "ci_hi": 0.6662207357859531,
      "fold_aucs": [
        0.5922865013774106,
        0.44834710743801653,
        0.5210702341137124,
        0.6541806020066889,
        0.6474916387959866,
        0.6163911845730027,
        0.5420110192837465,
        0.5344481605351171,
        0.5906354515050166,
        0.6127090301003345,
        0.4986225895316805,
        0.6384297520661157,
        0.5618729096989967,
        0.620066889632107,
        0.6842809364548494,
        0.5172176308539945,
        0.6115702479338843,
        0.5418060200668897,
        0.6234113712374583,
        0.6080267558528428,
        0.4965564738292011,
        0.6198347107438016,
        0.6414715719063545,
        0.579933110367893,
        0.6133779264214048
      ]
    },
    "RF (native)": {
      "mean_auc": 0.5885563264140339,
      "std_auc": 0.059819439337285986,
      "ci_lo": 0.4696969696969697,
      "ci_hi": 0.6793311036789298,
      "fold_aucs": [
        0.6033057851239669,
        0.428374655647383,
        0.5090301003344482,
        0.6555183946488294,
        0.654180602006689,
        0.5599173553719008,
        0.5461432506887052,
        0.5933110367892976,
        0.5732441471571906,
        0.5939799331103679,
        0.5013774104683195,
        0.6198347107438017,
        0.6869565217391305,
        0.6207357859531772,
        0.6408026755852841,
        0.53099173553719,
        0.581267217630854,
        0.5752508361204013,
        0.6327759197324415,
        0.674247491638796,
        0.4972451790633609,
        0.6267217630853994,
        0.5892976588628762,
        0.6113712374581939,
        0.6080267558528427
      ]
    }
  }
}