{
  "results": {
    "BPF (RF-fixed)": {
      "mean_auc": 0.5537361923326835,
      "std_auc": 0.11888309860905236,
      "ci_lo": 0.3192982456140351,
      "ci_hi": 0.7099415204678362,
      "fold_aucs": [
        0.6900584795321637,
        0.695906432748538,
        0.4444444444444445,
        0.5493827160493827,
        0.6913580246913581,
        0.391812865497076,
        0.4035087719298246,
        0.5964912280701754,
        0.654320987654321,
        0.6234567901234568,
        0.25438596491228066,
        0.4970760233918129,
        0.7017543859649122,
        0.6234567901234568,
        0.6419753086419753,
        0.5087719298245613,
        0.36257309941520466,
        0.5555555555555556,
        0.5617283950617284,
        0.537037037037037,
        0.6257309941520468,
        0.4502923976608187,
        0.4736842105263158,
        0.5864197530864197,
        0.7222222222222222
      ]
    },
    "LASSO (RF-fixed)": {
      "mean_auc": 0.5583495776478233,
      "std_auc": 0.10066539695020994,
      "ci_lo": 0.3497076023391813,
      "ci_hi": 0.711111111111111,
      "fold_aucs": [
        0.5614035087719298,
        0.6432748538011697,
        0.5672514619883041,
        0.5185185185185185,
        0.611111111111111,
        0.5497076023391813,
        0.5263157894736843,
        0.6081871345029239,
        0.5864197530864198,
        0.654320987654321,
        0.32163742690058483,
        0.6783625730994152,
        0.760233918128655,
        0.6358024691358024,
        0.6728395061728395,
        0.6257309941520468,
        0.4619883040935672,
        0.5789473684210527,
        0.4506172839506173,
        0.5740740740740741,
        0.3684210526315789,
        0.5555555555555556,
        0.4912280701754386,
        0.5740740740740741,
        0.3827160493827161
      ]
    },
    "ElasticNet (RF-fixed)": {
      "mean_auc": 0.5638076673164393,
      "std_auc": 0.10008733706284265,
      "ci_lo": 0.3754385964912281,
      "ci_hi": 0.7380116959064327,
      "fold_aucs": [
        0.5847953216374269,
        0.7309941520467835,
        0.5964912280701755,
        0.5802469135802469,
        0.5740740740740741,
        0.567251461988304,
        0.5672514619883041,
        0.5380116959064327,
        0.5925925925925926,
        0.7037037037037037,
        0.3274853801169591,
        0.5497076023391813,
        0.7485380116959064,
        0.42592592592592593,
        0.7160493827160495,
        0.5614035087719298,
        0.5146198830409356,
        0.5847953216374269,
        0.40740740740740744,
        0.5493827160493827,
        0.5204678362573099,
        0.6491228070175439,
        0.4678362573099415,
        0.611111111111111,
        0.42592592592592593
      ]
    },
    "RF_Importance (RF-fixed)": {
      "mean_auc": 0.5442755035737492,
      "std_auc": 0.11112192188894594,
      "ci_lo": 0.3801169590643275,
      "ci_hi": 0.7816764132553605,
      "fold_aucs": [
        0.543859649122807,
        0.7719298245614035,
        0.4736842105263158,
        0.47530864197530864,
        0.5740740740740742,
        0.4385964912280702,
        0.5438596491228069,
        0.52046783625731,
        0.4444444444444444,
        0.6481481481481481,
        0.39181286549707606,
        0.5087719298245614,
        0.695906432748538,
        0.7962962962962963,
        0.6790123456790123,
        0.52046783625731,
        0.36257309941520466,
        0.5029239766081872,
        0.6296296296296295,
        0.5308641975308641,
        0.3976608187134503,
        0.4444444444444445,
        0.6257309941520468,
        0.5,
        0.5864197530864197
      ]
    },
    "RF (native)": {
      "mean_auc": 0.5613840155945419,
      "std_auc": 0.09950494660578173,
      "ci_lo": 0.3719298245614035,
      "ci_hi": 0.7025341130604289,
      "fold_aucs": [
        0.5555555555555556,
        0.5906432748538012,
        0.5263157894736843,
        0.611111111111111,
        0.5493827160493827,
        0.41520467836257313,
        0.6783625730994153,
        0.543859649122807,
        0.6296296296296297,
        0.691358024691358,
        0.31578947368421056,
        0.5964912280701754,
        0.5380116959064327,
        0.7037037037037037,
        0.6604938271604938,
        0.6081871345029239,
        0.5321637426900585,
        0.7017543859649124,
        0.4814814814814815,
        0.43827160493827155,
        0.47953216374269003,
        0.4093567251461988,
        0.4970760233918129,
        0.6018518518518519,
        0.6790123456790124
      ]
    }
  }
}