{
  "results": {
    "BPF (RF-fixed)": {
      "mean_auc": 0.6947809278350517,
      "std_auc": 0.15454264578997123,
      "ci_lo": 0.40694444444444444,
      "ci_hi": 0.9207187857961053,
      "fold_aucs": [
        0.8762886597938144,
        0.4305555555555555,
        0.3819444444444444,
        0.7899305555555555,
        0.6753472222222222,
        0.6701030927835052,
        0.8194444444444444,
        0.42361111111111116,
        0.6076388888888888,
        0.7152777777777777,
        0.8402061855670103,
        0.6284722222222222,
        0.8159722222222222,
        0.6979166666666667,
        0.48958333333333326,
        0.7319587628865979,
        0.84375,
        0.6996527777777778,
        0.9409722222222222,
        0.5625,
        0.9072164948453608,
        0.7274305555555556,
        0.7256944444444444,
        0.5138888888888888,
        0.8541666666666666
      ]
    },
    "LASSO (RF-fixed)": {
      "mean_auc": 0.6816652348224512,
      "std_auc": 0.15482012882030077,
      "ci_lo": 0.44236827033218784,
      "ci_hi": 0.9417955326460481,
      "fold_aucs": [
        0.5567010309278351,
        0.44097222222222215,
        0.8819444444444444,
        0.9236111111111112,
        0.6180555555555556,
        0.8092783505154639,
        0.5677083333333333,
        0.7222222222222222,
        0.5972222222222222,
        0.6944444444444445,
        0.8917525773195876,
        0.4947916666666667,
        0.5746527777777777,
        0.8125,
        0.625,
        0.44329896907216493,
        0.7083333333333334,
        0.5260416666666666,
        0.9027777777777777,
        0.7152777777777777,
        0.9690721649484536,
        0.7569444444444445,
        0.45312499999999994,
        0.6493055555555556,
        0.7065972222222222
      ]
    },
    "ElasticNet (RF-fixed)": {
      "mean_auc": 0.642559421534937,
      "std_auc": 0.24014480935722893,
      "ci_lo": 0.16796964490263455,
      "ci_hi": 0.9604810996563574,
      "fold_aucs": [
        0.3711340206185567,
        0.3315972222222222,
        0.37847222222222215,
        0.9444444444444445,
        0.6180555555555556,
        0.7216494845360825,
        0.7465277777777778,
        0.5798611111111112,
        0.6631944444444444,
        0.576388888888889,
        0.9329896907216495,
        0.14930555555555552,
        0.6614583333333333,
        0.8506944444444444,
        0.4982638888888889,
        0.1804123711340206,
        0.9201388888888888,
        0.5729166666666666,
        0.9444444444444444,
        0.640625,
        0.9845360824742269,
        0.8368055555555556,
        0.8958333333333334,
        0.35590277777777773,
        0.7083333333333333
      ]
    },
    "RF_Importance (RF-fixed)": {
      "mean_auc": 0.6670618556701031,
      "std_auc": 0.10192351916205526,
      "ci_lo": 0.5232603092783505,
      "ci_hi": 0.8290950744558991,
      "fold_aucs": [
        0.6597938144329897,
        0.548611111111111,
        0.5451388888888888,
        0.7274305555555555,
        0.6875,
        0.7319587628865979,
        0.640625,
        0.7986111111111112,
        0.6180555555555556,
        0.5833333333333333,
        0.8144329896907216,
        0.5434027777777777,
        0.6666666666666666,
        0.767361111111111,
        0.8472222222222222,
        0.5283505154639175,
        0.7760416666666666,
        0.5468749999999999,
        0.6562499999999999,
        0.6354166666666667,
        0.8170103092783505,
        0.7916666666666666,
        0.6493055555555556,
        0.5798611111111112,
        0.515625
      ]
    },
    "RF (native)": {
      "mean_auc": 0.6361676689576174,
      "std_auc": 0.14204077830882092,
      "ci_lo": 0.36865335051546394,
      "ci_hi": 0.8479166666666667,
      "fold_aucs": [
        0.4948453608247423,
        0.5729166666666666,
        0.7048611111111112,
        0.8645833333333334,
        0.6440972222222221,
        0.5180412371134021,
        0.5989583333333333,
        0.7708333333333333,
        0.46701388888888884,
        0.4583333333333333,
        0.788659793814433,
        0.4322916666666667,
        0.6770833333333333,
        0.6666666666666666,
        0.7569444444444444,
        0.2731958762886598,
        0.8368055555555556,
        0.6614583333333334,
        0.7152777777777777,
        0.6875,
        0.7061855670103093,
        0.7222222222222222,
        0.7239583333333334,
        0.7222222222222222,
        0.4392361111111111
      ]
    }
  }
}