{
  "results": {
    "BPF (RF-fixed)": {
      "mean_auc": 0.7470764129325773,
      "std_auc": 0.06289755939047226,
      "ci_lo": 0.6262230919765166,
      "ci_hi": 0.8395547945205478,
      "fold_aucs": [
        0.7514677103718199,
        0.812133072407045,
        0.7309197651663405,
        0.6712328767123288,
        0.7757936507936508,
        0.7436399217221135,
        0.675146771037182,
        0.8003913894324853,
        0.7629083245521602,
        0.814484126984127,
        0.7181996086105675,
        0.5587084148727984,
        0.8013698630136986,
        0.6965226554267651,
        0.8363095238095237,
        0.7759295499021527,
        0.8444227005870841,
        0.6849315068493151,
        0.690200210748156,
        0.7390873015873016,
        0.7945205479452055,
        0.7152641878669276,
        0.7837573385518593,
        0.7892518440463646,
        0.7103174603174603
      ]
    },
    "LASSO (RF-fixed)": {
      "mean_auc": 0.7361857092679012,
      "std_auc": 0.04921733381341044,
      "ci_lo": 0.6377088664759898,
      "ci_hi": 0.8149815177212437,
      "fold_aucs": [
        0.7270058708414873,
        0.7524461839530333,
        0.7651663405088062,
        0.696522655426765,
        0.8412698412698413,
        0.7093933463796478,
        0.7495107632093934,
        0.7172211350293541,
        0.6006322444678609,
        0.7896825396825398,
        0.7681017612524461,
        0.6800391389432485,
        0.7778864970645792,
        0.7091675447839833,
        0.7688492063492064,
        0.668297455968689,
        0.7974559686888454,
        0.662426614481409,
        0.7365648050579557,
        0.7390873015873015,
        0.7318982387475538,
        0.7504892367906066,
        0.7710371819960862,
        0.7702845100105374,
        0.7242063492063492
      ]
    },
    "ElasticNet (RF-fixed)": {
      "mean_auc": 0.7364192048438625,
      "std_auc": 0.05529509804764917,
      "ci_lo": 0.6385368056600934,
      "ci_hi": 0.8386877582083062,
      "fold_aucs": [
        0.723091976516634,
        0.7407045009784736,
        0.6810176125244618,
        0.6575342465753424,
        0.7579365079365079,
        0.7201565557729941,
        0.7876712328767124,
        0.7172211350293543,
        0.648050579557429,
        0.8462301587301587,
        0.7729941291585127,
        0.6565557729941291,
        0.7436399217221136,
        0.7608008429926238,
        0.75,
        0.7005870841487281,
        0.8336594911937378,
        0.62426614481409,
        0.7723919915700738,
        0.810515873015873,
        0.7808219178082192,
        0.7592954990215264,
        0.7446183953033267,
        0.7302423603793466,
        0.6904761904761905
      ]
    },
    "RF_Importance (RF-fixed)": {
      "mean_auc": 0.7390698228711927,
      "std_auc": 0.05751316909001373,
      "ci_lo": 0.6251542977570375,
      "ci_hi": 0.8329908675799088,
      "fold_aucs": [
        0.7857142857142858,
        0.7426614481409003,
        0.821917808219178,
        0.6132771338250791,
        0.7638888888888888,
        0.6937377690802349,
        0.7563600782778865,
        0.7221135029354208,
        0.6733403582718652,
        0.8422619047619049,
        0.716242661448141,
        0.7211350293542074,
        0.738747553816047,
        0.7186512118018967,
        0.7946428571428572,
        0.7651663405088064,
        0.8228962818003913,
        0.6330724070450098,
        0.743940990516333,
        0.7083333333333334,
        0.8268101761252448,
        0.6604696673189824,
        0.7289628180039138,
        0.7671232876712328,
        0.7152777777777778
      ]
    },
    "RF (native)": {
      "mean_auc": 0.7546661899744094,
      "std_auc": 0.07075873611843178,
      "ci_lo": 0.6305283757338552,
      "ci_hi": 0.8806017612524462,
      "fold_aucs": [
        0.776908023483366,
        0.8170254403131115,
        0.8385518590998043,
        0.6164383561643836,
        0.7906746031746031,
        0.7035225048923679,
        0.7475538160469668,
        0.7808219178082192,
        0.6438356164383563,
        0.8779761904761905,
        0.6712328767123288,
        0.6996086105675148,
        0.6917808219178082,
        0.7871443624868283,
        0.8115079365079365,
        0.7935420743639922,
        0.8845401174168298,
        0.639921722113503,
        0.7112750263435195,
        0.748015873015873,
        0.8287671232876713,
        0.6908023483365949,
        0.7651663405088063,
        0.7871443624868283,
        0.7628968253968254
      ]
    }
  }
}