{
  "results": {
    "BPF (RF-fixed)": {
      "mean_auc": 0.5935008570983326,
      "std_auc": 0.07450262397195033,
      "ci_lo": 0.4258726819386006,
      "ci_hi": 0.6943821100202586,
      "fold_aucs": [
        0.6733870967741935,
        0.44489247311827956,
        0.644927536231884,
        0.3973429951690821,
        0.6690821256038647,
        0.6559139784946236,
        0.46908602150537637,
        0.5772946859903381,
        0.5869565217391304,
        0.7077294685990339,
        0.5954301075268817,
        0.6491935483870968,
        0.538647342995169,
        0.5821256038647343,
        0.5664251207729468,
        0.6290322580645161,
        0.5940860215053764,
        0.6557971014492754,
        0.5978260869565217,
        0.5386473429951691,
        0.6854838709677419,
        0.5376344086021505,
        0.5760869565217391,
        0.6509661835748792,
        0.6135265700483092
      ]
    },
    "LASSO (RF-fixed)": {
      "mean_auc": 0.5745589839488857,
      "std_auc": 0.07955175666340766,
      "ci_lo": 0.43574879227053137,
      "ci_hi": 0.7120967741935482,
      "fold_aucs": [
        0.6236559139784946,
        0.489247311827957,
        0.606280193236715,
        0.48429951690821255,
        0.6497584541062801,
        0.6276881720430108,
        0.564516129032258,
        0.5628019323671497,
        0.42632850241545894,
        0.5978260869565217,
        0.6169354838709677,
        0.6290322580645161,
        0.48671497584541057,
        0.48067632850241543,
        0.5543478260869565,
        0.75,
        0.543010752688172,
        0.6630434782608696,
        0.44202898550724634,
        0.643719806763285,
        0.6868279569892473,
        0.49731182795698925,
        0.608695652173913,
        0.6123188405797101,
        0.5169082125603864
      ]
    },
    "ElasticNet (RF-fixed)": {
      "mean_auc": 0.5824785725416861,
      "std_auc": 0.07405665974423714,
      "ci_lo": 0.4693548387096774,
      "ci_hi": 0.7005142589995325,
      "fold_aucs": [
        0.7150537634408602,
        0.4314516129032258,
        0.6002415458937198,
        0.5265700483091788,
        0.6884057971014492,
        0.646505376344086,
        0.5255376344086022,
        0.6908212560386473,
        0.6038647342995168,
        0.5108695652173912,
        0.4946236559139785,
        0.5309139784946236,
        0.5096618357487923,
        0.5640096618357487,
        0.5833333333333333,
        0.674731182795699,
        0.5376344086021506,
        0.6606280193236715,
        0.53743961352657,
        0.609903381642512,
        0.6545698924731183,
        0.5188172043010753,
        0.6630434782608695,
        0.5797101449275363,
        0.5036231884057971
      ]
    },
    "RF_Importance (RF-fixed)": {
      "mean_auc": 0.574058360604644,
      "std_auc": 0.09467270141915655,
      "ci_lo": 0.3902173913043479,
      "ci_hi": 0.7373655913978494,
      "fold_aucs": [
        0.7728494623655914,
        0.47446236559139787,
        0.6763285024154589,
        0.5314009661835749,
        0.5863526570048309,
        0.5336021505376345,
        0.5927419354838709,
        0.3170289855072464,
        0.5615942028985507,
        0.5966183574879227,
        0.5362903225806451,
        0.47647849462365593,
        0.43900966183574885,
        0.608695652173913,
        0.6388888888888888,
        0.5806451612903226,
        0.6545698924731183,
        0.5893719806763285,
        0.5398550724637681,
        0.5060386473429952,
        0.7137096774193549,
        0.5040322580645161,
        0.7041062801932367,
        0.644927536231884,
        0.5718599033816425
      ]
    },
    "RF (native)": {
      "mean_auc": 0.5797935172198847,
      "std_auc": 0.1087960903586072,
      "ci_lo": 0.4207729468599034,
      "ci_hi": 0.7744623655913977,
      "fold_aucs": [
        0.825268817204301,
        0.46639784946236557,
        0.6678743961352658,
        0.5132850241545893,
        0.677536231884058,
        0.739247311827957,
        0.46505376344086025,
        0.5157004830917874,
        0.4033816425120773,
        0.5954106280193237,
        0.6196236559139785,
        0.543010752688172,
        0.43236714975845414,
        0.7041062801932367,
        0.5615942028985508,
        0.6438172043010753,
        0.48118279569892475,
        0.49516908212560384,
        0.5096618357487922,
        0.4685990338164251,
        0.7405913978494624,
        0.5201612903225806,
        0.6606280193236714,
        0.6884057971014492,
        0.5567632850241545
      ]
    }
  }
}