{
  "results": {
    "BPF (RF-fixed)": {
      "mean_auc": 0.7400412429378531,
      "std_auc": 0.06969517803959649,
      "ci_lo": 0.6184463276836158,
      "ci_hi": 0.8434011299435027,
      "fold_aucs": [
        0.6444444444444444,
        0.7577777777777778,
        0.788135593220339,
        0.7881355932203389,
        0.8056497175141244,
        0.6655555555555556,
        0.7944444444444444,
        0.579449152542373,
        0.7711864406779662,
        0.8768361581920904,
        0.7966666666666666,
        0.7711111111111111,
        0.6578389830508474,
        0.6705508474576272,
        0.8011299435028248,
        0.8211111111111111,
        0.8033333333333333,
        0.6673728813559322,
        0.777542372881356,
        0.6610169491525424,
        0.75,
        0.6888888888888889,
        0.6927966101694916,
        0.711864406779661,
        0.7581920903954802
      ]
    },
    "LASSO (RF-fixed)": {
      "mean_auc": 0.6942389830508475,
      "std_auc": 0.055501085188030555,
      "ci_lo": 0.5997118644067796,
      "ci_hi": 0.7988549905838042,
      "fold_aucs": [
        0.6033333333333333,
        0.7255555555555555,
        0.7701271186440678,
        0.6694915254237288,
        0.6700564971751413,
        0.6388888888888888,
        0.7122222222222221,
        0.5942796610169492,
        0.6377118644067797,
        0.7141242937853107,
        0.8022222222222222,
        0.6866666666666666,
        0.6398305084745762,
        0.6197033898305084,
        0.7966101694915254,
        0.7444444444444445,
        0.7355555555555555,
        0.7002118644067796,
        0.7404661016949152,
        0.6610169491525424,
        0.6755555555555556,
        0.6855555555555556,
        0.701271186440678,
        0.6694915254237288,
        0.7615819209039548
      ]
    },
    "ElasticNet (RF-fixed)": {
      "mean_auc": 0.6824485875706214,
      "std_auc": 0.06317989808580332,
      "ci_lo": 0.5847570621468927,
      "ci_hi": 0.7814161958568738,
      "fold_aucs": [
        0.5988888888888889,
        0.69,
        0.763771186440678,
        0.7319915254237288,
        0.6293785310734463,
        0.6666666666666666,
        0.7188888888888889,
        0.5635593220338984,
        0.6652542372881356,
        0.7175141242937852,
        0.8077777777777778,
        0.6322222222222222,
        0.6313559322033898,
        0.6144067796610169,
        0.7638418079096045,
        0.7266666666666667,
        0.7566666666666667,
        0.6663135593220338,
        0.7552966101694915,
        0.6033898305084746,
        0.6055555555555556,
        0.71,
        0.7415254237288136,
        0.6483050847457626,
        0.6519774011299435
      ]
    },
    "RF_Importance (RF-fixed)": {
      "mean_auc": 0.6827120527306968,
      "std_auc": 0.07354845308803068,
      "ci_lo": 0.5584604519774011,
      "ci_hi": 0.7975555555555556,
      "fold_aucs": [
        0.6255555555555555,
        0.7655555555555555,
        0.6122881355932204,
        0.6620762711864407,
        0.7389830508474576,
        0.5955555555555556,
        0.6733333333333333,
        0.5752118644067796,
        0.6324152542372881,
        0.7412429378531074,
        0.7766666666666667,
        0.7244444444444444,
        0.6938559322033897,
        0.5911016949152542,
        0.5333333333333333,
        0.8288888888888889,
        0.5877777777777777,
        0.6970338983050848,
        0.6959745762711864,
        0.6870056497175141,
        0.7577777777777777,
        0.7433333333333333,
        0.6430084745762712,
        0.7192796610169492,
        0.7661016949152543
      ]
    },
    "RF (native)": {
      "mean_auc": 0.6336112994350283,
      "std_auc": 0.0607288743027632,
      "ci_lo": 0.5352033898305085,
      "ci_hi": 0.7204067796610168,
      "fold_aucs": [
        0.5966666666666666,
        0.7122222222222222,
        0.6260593220338984,
        0.6483050847457626,
        0.5920903954802259,
        0.5933333333333333,
        0.6711111111111111,
        0.5794491525423728,
        0.5582627118644068,
        0.6406779661016949,
        0.7144444444444444,
        0.6955555555555555,
        0.6038135593220338,
        0.5180084745762712,
        0.5785310734463277,
        0.7155555555555555,
        0.6022222222222222,
        0.6260593220338984,
        0.698093220338983,
        0.6892655367231638,
        0.5466666666666667,
        0.6922222222222222,
        0.5476694915254237,
        0.6663135593220338,
        0.727683615819209
      ]
    }
  }
}