{
  "results": {
    "BPF (RF-fixed)": {
      "mean_auc": 0.6034293552812071,
      "std_auc": 0.04667123452676954,
      "ci_lo": 0.5022317188983856,
      "ci_hi": 0.6684499314128943,
      "fold_aucs": [
        0.6364883401920439,
        0.5411522633744856,
        0.6364883401920439,
        0.6241426611796982,
        0.6032763532763532,
        0.541838134430727,
        0.537037037037037,
        0.5672153635116598,
        0.667352537722908,
        0.6246438746438747,
        0.6069958847736626,
        0.612482853223594,
        0.635116598079561,
        0.6323731138545954,
        0.6417378917378918,
        0.6262002743484225,
        0.6165980795610425,
        0.625514403292181,
        0.6700960219478738,
        0.507834757834758,
        0.49382716049382713,
        0.5973936899862826,
        0.5802469135802468,
        0.6001371742112482,
        0.6595441595441596
      ]
    },
    "LASSO (RF-fixed)": {
      "mean_auc": 0.5601171256726812,
      "std_auc": 0.0596224116766926,
      "ci_lo": 0.4663923182441701,
      "ci_hi": 0.6699271921494143,
      "fold_aucs": [
        0.5891632373113854,
        0.46021947873799723,
        0.5733882030178327,
        0.5528120713305898,
        0.6830484330484331,
        0.49039780521262,
        0.5082304526748971,
        0.6358024691358024,
        0.5836762688614541,
        0.5990028490028491,
        0.5685871056241427,
        0.5617283950617283,
        0.5569272976680384,
        0.5994513031550069,
        0.6282051282051282,
        0.5809327846364882,
        0.6611796982167352,
        0.5768175582990397,
        0.6159122085048011,
        0.5085470085470085,
        0.47050754458161864,
        0.5096021947873799,
        0.5281207133058985,
        0.48559670781893005,
        0.47507122507122507
      ]
    },
    "ElasticNet (RF-fixed)": {
      "mean_auc": 0.5631127994090956,
      "std_auc": 0.0534654090948735,
      "ci_lo": 0.47174211248285325,
      "ci_hi": 0.6513189828004643,
      "fold_aucs": [
        0.5356652949245542,
        0.5198902606310013,
        0.5315500685871057,
        0.5054869684499315,
        0.5925925925925927,
        0.47256515775034297,
        0.532235939643347,
        0.5665294924554184,
        0.6138545953360768,
        0.6488603988603989,
        0.5582990397805212,
        0.5706447187928669,
        0.5733882030178327,
        0.5034293552812071,
        0.6346153846153846,
        0.6474622770919066,
        0.6550068587105623,
        0.6186556927297667,
        0.6138545953360768,
        0.5683760683760684,
        0.4897119341563786,
        0.5589849108367627,
        0.5500685871056241,
        0.47050754458161864,
        0.5455840455840456
      ]
    },
    "RF_Importance (RF-fixed)": {
      "mean_auc": 0.5845394112060779,
      "std_auc": 0.0521582147688066,
      "ci_lo": 0.4866941015089163,
      "ci_hi": 0.6881608103830325,
      "fold_aucs": [
        0.6550068587105624,
        0.5953360768175583,
        0.6159122085048011,
        0.5500685871056241,
        0.5754985754985755,
        0.48696844993141286,
        0.6241426611796982,
        0.5987654320987653,
        0.6275720164609053,
        0.5961538461538461,
        0.546639231824417,
        0.5390946502057613,
        0.5843621399176955,
        0.5829903978052127,
        0.618945868945869,
        0.4862825788751714,
        0.6131687242798354,
        0.6165980795610425,
        0.541838134430727,
        0.5356125356125356,
        0.5596707818930041,
        0.541838134430727,
        0.5699588477366255,
        0.6131687242798354,
        0.7378917378917379
      ]
    },
    "RF (native)": {
      "mean_auc": 0.5796707818930041,
      "std_auc": 0.056978042164011436,
      "ci_lo": 0.47796771130104465,
      "ci_hi": 0.6675213675213675,
      "fold_aucs": [
        0.6015089163237313,
        0.6056241426611797,
        0.4794238683127572,
        0.546639231824417,
        0.6011396011396011,
        0.5644718792866941,
        0.6076817558299039,
        0.5486968449931413,
        0.6440329218106995,
        0.6196581196581197,
        0.6406035665294925,
        0.6344307270233195,
        0.5425240054869684,
        0.5,
        0.6837606837606838,
        0.5480109739368999,
        0.649519890260631,
        0.6049382716049383,
        0.5288065843621399,
        0.47578347578347585,
        0.5185185185185185,
        0.565843621399177,
        0.5116598079561042,
        0.6117969821673525,
        0.6566951566951567
      ]
    }
  }
}