{
  "cohort": "METABRIC",
  "results": {
    "BPF (RF-fixed)": {
      "auc_mean": 0.6676,
      "auc_std": 0.0224,
      "ci_lo": 0.6588,
      "ci_hi": 0.6759,
      "stability": 0.498,
      "time_s": 499.45,
      "n_ok": 25,
      "n_err": 0,
      "folds": [
        0.6854,
        0.6965,
        0.6279,
        0.6884,
        0.6576,
        0.6573,
        0.6757,
        0.6248,
        0.6633,
        0.6506,
        0.6602,
        0.6692,
        0.644,
        0.7018,
        0.6615,
        0.6717,
        0.6726,
        0.6524,
        0.6864,
        0.6831,
        0.6821,
        0.6225,
        0.7124,
        0.6743,
        0.6681
      ]
    },
    "LASSO (RF-fixed)": {
      "auc_mean": 0.6379,
      "auc_std": 0.0258,
      "ci_lo": 0.6279,
      "ci_hi": 0.6483,
      "stability": 0.1743,
      "time_s": 107740.09,
      "n_ok": 25,
      "n_err": 0,
      "folds": [
        0.6209,
        0.6485,
        0.6175,
        0.6615,
        0.6171,
        0.67,
        0.6147,
        0.6003,
        0.663,
        0.6266,
        0.6149,
        0.6122,
        0.5877,
        0.6456,
        0.6205,
        0.654,
        0.6686,
        0.6526,
        0.6778,
        0.6733,
        0.6757,
        0.6144,
        0.6294,
        0.6587,
        0.6229
      ]
    },
    "ElasticNet (RF-fixed)": {
      "mean_auc": 0.6426613682267625,
      "std_auc": 0.022884535600095176,
      "ci_lo": 0.5968856128239958,
      "ci_hi": 0.673358902686905,
      "fold_aucs": [
        0.6546574770258982,
        0.6704756426012605,
        0.6121381690766937,
        0.6583165546635985,
        0.5912648387435655,
        0.6532477025898078,
        0.652537719321183,
        0.609261825693591,
        0.630023795204351,
        0.6485187519697447,
        0.6555973266499583,
        0.6645922129540046,
        0.6600423606934602,
        0.6676515963705776,
        0.6346780123962601,
        0.6776837928153717,
        0.624715634233716,
        0.612451951991214,
        0.6299714980519311,
        0.6571856287425148,
        0.6474519632414368,
        0.6006327955442826,
        0.6627879611955129,
        0.6541850796224147,
        0.6364639142767097
      ]
    },
    "RF_Importance (RF-fixed)": {
      "mean_auc": 0.674288117901287,
      "std_auc": 0.023495091064787112,
      "ci_lo": 0.6327432471301938,
      "ci_hi": 0.7159480166304943,
      "fold_aucs": [
        0.6728017961570593,
        0.7208116518055592,
        0.6398033627069007,
        0.7045210888267134,
        0.6459186889379136,
        0.6679197994987469,
        0.6699265225008498,
        0.6496090787856602,
        0.6722798943597521,
        0.6619655425990125,
        0.685280910609858,
        0.6662395732552362,
        0.6485369871610491,
        0.69079308631645,
        0.6665090870889799,
        0.6786758563074353,
        0.6961796930157153,
        0.6575320973772978,
        0.706220746280365,
        0.6932450887698287,
        0.6852548036758562,
        0.6221530737651335,
        0.7127055931804512,
        0.6818241246764114,
        0.6604947998739362
      ]
    },
    "RF (native)": {
      "mean_auc": 0.6782306762786386,
      "std_auc": 0.019279113633776795,
      "ci_lo": 0.6406966118326436,
      "ci_hi": 0.7129304709358575,
      "fold_aucs": [
        0.6761956975772766,
        0.7150328164631435,
        0.6622911382475223,
        0.704024265878723,
        0.6423206219140666,
        0.6943400167084377,
        0.6816149360667312,
        0.667128624846377,
        0.6620558010616322,
        0.6675333543439437,
        0.6726712614870509,
        0.6890672802865885,
        0.6694558481290693,
        0.7115289072510002,
        0.6525370312007565,
        0.6736372180451128,
        0.6790523755981487,
        0.6676777449467877,
        0.6959966529822451,
        0.6889379136463913,
        0.694157268170426,
        0.6382605967105092,
        0.70101717961457,
        0.6744240776089743,
        0.6748082781804812
      ]
    }
  },
  "timestamp": "2026-03-09T08:45:04.133618"
}